{"<epoch> Train Loss": 0.12395893037319183, "<epoch> Valid Loss": 0.4939073324203491, "<epoch> Gradient Norm": 7.1185221672058105, "<epoch> lr": 4.84999493820708e-06, "_timestamp": 1681781919.1481218, "_runtime": 2359.692004919052, "_step": 1}