{"<epoch> Train Loss": 0.19460302591323853, "<epoch> Valid Loss": 0.6157520413398743, "<epoch> Gradient Norm": 3295.959228515625, "<epoch> lr": 3.7515451818732993e-06, "_timestamp": 1681721704.199426, "_runtime": 3551.143486022949, "_step": 3, "_wandb": {"runtime": 3601}}